{"file_hashes":[{"block_hashes":["3fFoWaFfPrMzTWJBl1yjmIrD6vw9lkUqw6Sv02RMhVA="],"block_size":4096,"path":"_locales/be/messages.json"},{"block_hashes":["pIJmMpKpE7AqnN5GNcfJInC/PIcm/SdEddwsSQAZp8k="],"block_size":4096,"path":"_locales/cy/messages.json"},{"block_hashes":["pBZw1SQjumnHpl5+FT57mZTo3QNwxYS9oHFL1hxJxXg="],"block_size":4096,"path":"_locales/eu/messages.json"},{"block_hashes":["mJBxDfD78dtBvOQf4vYkJKO9OddV0p6Cl0TtPaDCzh0="],"block_size":4096,"path":"_locales/gl/messages.json"},{"block_hashes":["Cxbj+L2QSnZyhDRa6GoKmSfEev6J4F6isTrYAAm9+eQ="],"block_size":4096,"path":"_locales/hy/messages.json"},{"block_hashes":["lD5hmIyFm7CI9UiInwRJiFUl3WYGJqibpnsslM+/uxs="],"block_size":4096,"path":"_locales/is/messages.json"},{"block_hashes":["u7gcMvSCujIWybEYnHDO85yowhga81OP+ge0xq1S8Go="],"block_size":4096,"path":"_locales/iw/messages.json"},{"block_hashes":["MImLv1G91Y2zl/94DwYeM0MaOO9c/CiLUXfs92s5nyY="],"block_size":4096,"path":"_locales/ka/messages.json"},{"block_hashes":["VI3GyW4xoWzjVdxVxkgzsI7z+6i/MxSQMbSmhZWeOvQ="],"block_size":4096,"path":"_locales/kk/messages.json"},{"block_hashes":["phGPCg3jKeB8AfU81vtP7UPlTF9T20zRx/WytNn7EOY="],"block_size":4096,"path":"_locales/km/messages.json"},{"block_hashes":["iQgvsFIpgmvCIvXSLBWCNfAl8ObfZ/8TWhi9iZ4Tu48="],"block_size":4096,"path":"_locales/lo/messages.json"},{"block_hashes":["YT2HUfbMnT+jGfS36osr077Tf9B3SCyoJZKd18Eqaag="],"block_size":4096,"path":"_locales/mn/messages.json"},{"block_hashes":["JDvvvWtnohQz3Ml9wacoiW06Bw3CAFXrBNZE4buVX+c="],"block_size":4096,"path":"_locales/my/messages.json"},{"block_hashes":["Fg4c1ZPJAccpHqTsunNRkdeT3f1+lkagVgSYYn9h2m8="],"block_size":4096,"path":"_locales/ne/messages.json"},{"block_hashes":["u9N9Qbfeb5OUj6JDenaZ1MMKPDnnNheXAvISyzajEzw="],"block_size":4096,"path":"_locales/pa/messages.json"},{"block_hashes":["VCQevmUag0QjXMR6/SdMCAq668jDolr7ldg3O2pWcKI="],"block_size":4096,"path":"_locales/si/messages.json"},{"block_hashes":["MPRM+tBS1z2G0S+iDPwRFWOjsuRSO0P31m2TS6jazpE="],"block_size":4096,"path":"_locales/zh_HK/messages.json"},{"block_hashes":["7Hjd1MzzK1127HAaIBZ8P70UbXmlBeT7BCH8Hlz0qmM="],"block_size":4096,"path":"_locales/zu/messages.json"},{"block_hashes":["bGnOD+b6sU8ZkKMg1wT+42LBdcAOtskiSqb0EQiRjKY="],"block_size":4096,"path":"dasherSettingSchema.json"},{"block_hashes":["ufotUqT/q7Q4tWGEExuJOwRlWwHzNgZkFdT+g57+ZOc="],"block_size":4096,"path":"offscreendocument.html"},{"block_hashes":["2BNXk+BOpCF0tVsoT6hqIvjgU9RwU1oQuRV1Ha+pv8w=","ncejPvbIe6TkGctiXREieUG/Xkqo4hPQ3MBB7jSwULA=","Tl7P38lwFysJIHw5EOCNKDyT6qbe03TykDKaA28Jxro=","Tccq2/dxjGGxXzIzCtOlGCJdZ1J1oKSUdcBIhMQ2Daw=","KeLF3aWtJ8x+KZzCWwHojH7uTWcebeYSXWqTN140iZ8=","wi4gnZwcik56pxCk74rE/KRRXCV9eL4OVu/qur/fhDc=","JmmIgfK2xYdHHMwgxDmWc5OFNn/ppkRddg+Zl8ZVOWk=","Hr+YnB3hujQJbv+MFIQI29Tp6XVLkhG8zEOaGirvRsE=","Mg5Bp5TZxfowWt75P1TGHimYbIdptqMa6c8MeiB3UUE=","jWlVeHnWPeWpWRfKDItdydn98DfGLkzxDHsYv8Co3O0=","HHoHIgGkrHyB/jai7NI2cFma92ix3np/wNyXsYpbmvg=","ensxfq3Dv9vOJaMKXzGqh/nxHh7uonPF4DmhmfwKqOE=","eR/NFzvkp81RD93uUFJNZs685AcRabRDrazu1Sq2fPI=","trpAcQPqmvi3JJmPe5QK8TTghM/AJlOErA1QP112HMk=","LmiuF3mxlX1s4i3vc2T2O64Z//HNEEJbiA2KRYKn2wY=","VEvsLQfHkfU3FuozwmesVmq+19NZejshxuyUBSXPhE8=","0II+7Y49Kmbt98dcI3JSiJyoVh+AruKDjh+VR/sQ7b0=","YHMdsLGKu+0GL/ShNoXi5baDI3tCZREHIMzxYm8EiO0=","4v0nu4g267EVu+a16e4cSIs8yL+OxAyKqx0G3vn5gdw=","Y0UnbXgoaG4Igm5nCMS62Ab+jzTZDO83GcEO+LjCUJM=","Agf6A/tLZiDz0jOZP+QS3yLu04MzoV9vqBPV+jvQZEQ=","08DCrZNyUXRWge3SizitHpWhS9UObHC+qoSWkGpauUA=","szeoy+l7IRV+DJCMiqpDj9+j7sW58RjnjthlPtuNunM=","U2boqEvg6JHSFZUPxuMwW7r2mhmv6YzLr7nIpzVK1XE=","RAz82uDNIyHmYe74JB7ZxyiNP8Yts7SJEmnOYmePmdQ=","dX0Yh1Voj6BsxEwi+R7wxc0aRTVkchUnHH5v1eQkw5c=","IZa56YVJd1aRHN7sU5bXoQ6GX2QYCkdn55N8pia32Jo=","3gC/GEseywmIGbHuvvuHMirDtyMoBqZi9AoDM0yqJ58=","cuyrtYuKOSaLGDXfTBu4gHqyCvPKCtiFDmvkJrgAguE=","xOKWsGGwxy+rqKyJOoodUvtlmniX/lZzHjYlr9Yv4fo="],"block_size":4096,"path":"offscreendocument_main.js"},{"block_hashes":["E+FWLNB/wG1pL98apHHjzq4898HkLFNF1DCpRxOaJNU="],"block_size":4096,"path":"page_embed_script.js"},{"block_hashes":["Xy19pQuz12x9AWDnUB/lkelTd35ZIoDvgljKP3cOVR8=","k6LeureuFhKxuHNh0qG2oTimgzaGAjhAmvvZcw4cTfg=","Tl7P38lwFysJIHw5EOCNKDyT6qbe03TykDKaA28Jxro=","/mRv4Z1xCuznU1GK5w2udyeyQ++8wEQn1AnHZhTrsk0=","aVr6Jzdn/q45aYih4I+KzNaRJLjSPt0kDu9bgO64Lbk=","7JHdsyKBX39mmM75/9jsGZjzyw0YcNYkp1qKIGKFXds=","4C5YwnqmxWzLZMS/lRgvwWh0w3cXirNxEJOdgb0h5h4=","8YijHwG9J1Uops0bsL1D/MIPlVE3p6Dpc00kEqnqfcM=","3VeKOq/8tGjcOM5jbpVcMAYbd41ykBnAjXEa0HWMNJY=","wmaap27IluNbeBp2w6q0ewugKw2tpN+d9eNHbpuQepY=","5vpuwh4ReVyjdsRwgs4ZkTuIvKWyccgkuS1NMIY7ULo=","81Lrgd8YOxBf7MVb7/KihHBIdKzd2t1ZiH3SH2R34kw=","KiccjHWKjxh6z/zcyS7kW28TBsptYayJ+jVRF/HDTJo=","745DdJ7kU5e7XMqYZBb1OmKFtEwMIgN7D1Z3/ErjZ18=","OaQJVocJ4sMd2ZnxsZF68STk3UB5ggGEmrPHwtuO0ik=","vburmHhOXfAMBzKb96+FGbp6qjVUc/34MDs8cVBeiHY=","4kxx7OYcDrKiXf+KHisFP0RXxdVRw/SYXFya0BcIoA0=","JZPQbL4GrmjqXjWcgCvt0uYnAVYX67BeYCNJ+GdfDiU=","cjFHGUHQr3DQrOFkvwygUN5yHCrw643v3gNvH7Y5py8=","wH2BE/FWZZusG0u54hFgXwp/0O6kq7er+GUdUqbgUEE=","sx49bM9DdBOBZg9ZZ7E7q1byyVXg478FFtoZ7B7A4h0=","rHjS0HA1elVt14RNfRPqNkmLczQx/ddhCtbYaNBkvKo=","ISmGAYrsxljH9eK7/+5GegErHmymQBIMUg4Ka4SUfxU=","1NlwEpWXiD2Oftc4OaW0F00WnZppEDy3ls3D2WIeGEw=","INrcNjkObEYxyOqIZadH9JkEpTKv28YA+RzFjgiN5mc=","JbxdiXPuDWmZeQlVVa9za3uHSK6vTFLr7au6oDw+8bY=","Mae6UHrVpyOPad8jNBf+GMJGB2LIdILoaBRuNuUbY9g=","zOsh/6Y4RKdq0eGqRK6Qr/QkeuFNA4syj2llhs4Ikaw=","ns0JBgqeSuUAsknsfA4oLG8FSGbEzwXHMCxESP7wqAc=","+9vV83SnbQQXfqDumTqrYWO8RhCRXFCN++cXqf39+hE=","595uC+Ojnd6l3ODCs8pHo3N6bx38Sa1ZcUaUOE++NvA=","9jC4pt7qoltlyn8w3W47zpSpoXxeIsJeMRQf6Lrmd5o="],"block_size":4096,"path":"service_worker_bin_prod.js"}],"version":2}