{"file_hashes":[{"block_hashes":["BlijqS2U53RXso0CgIau6OFjeDSUsHSiLK1VU2FZq5E="],"block_size":4096,"path":"_locales/be/messages.json"},{"block_hashes":["MdUXrDNMsS5K9Myupy7vKhW9txQIhonGT/AqkZ83ibI="],"block_size":4096,"path":"_locales/ceb/messages.json"},{"block_hashes":["/Hc/XFlYvucWy0mNjqSrAy/TSco1InlRFRuyEiAO6Uc="],"block_size":4096,"path":"_locales/co/messages.json"},{"block_hashes":["M3EMgILoOKYajy/5RwyDIc5JMy+qXhLwhIRmJe0szOk="],"block_size":4096,"path":"_locales/cy/messages.json"},{"block_hashes":["5AOkrOmJztwylWaWgPys6tJyXR3jYkB8jgHZeFhzrZw="],"block_size":4096,"path":"_locales/eo/messages.json"},{"block_hashes":["HPyMZoD4v4uXEt81rWV9X4Z75qpb4hwMtthUODmsUVs="],"block_size":4096,"path":"_locales/eu/messages.json"},{"block_hashes":["lnZ3KNTrZLreeTdHcQWoILxsLzjGtXdIt5bB9Rm2jmE="],"block_size":4096,"path":"_locales/fy/messages.json"},{"block_hashes":["xVOckkPWjFW+EwayfeSSgP8+37bBVFN7e2Suu8qbbGY="],"block_size":4096,"path":"_locales/ga/messages.json"},{"block_hashes":["jSKGbOZvJ2Jk6Fb/UZredeeup2KL7M8Nvk/pgW9+7/E="],"block_size":4096,"path":"_locales/gd/messages.json"},{"block_hashes":["a0wDmQlbxGUkelXsQmwbeqrRlqvRTXLG5cCUtMUXPLc="],"block_size":4096,"path":"_locales/gl/messages.json"},{"block_hashes":["64IQL8IM01wGepkvL0h6CF4ZKAXuLQZL2ZL68OZusuM="],"block_size":4096,"path":"_locales/ha/messages.json"},{"block_hashes":["XMyKLkIx8kPq3/bUw6LjJomIFwOnGUUS7GPuRikQl38="],"block_size":4096,"path":"_locales/haw/messages.json"},{"block_hashes":["MHk0gZmZIfJIo/VdpoJfLpdUJLKuuCI+RlDq819/3M0="],"block_size":4096,"path":"_locales/hmn/messages.json"},{"block_hashes":["LjYotYKTeLn7At8UqOI21sDD0NdxyyVNwfPtmKSvIEQ="],"block_size":4096,"path":"_locales/ht/messages.json"},{"block_hashes":["duBNtZplxm2Rk2p11pAllE6hURfoMje0VYFZDv3j6AU="],"block_size":4096,"path":"_locales/hy/messages.json"},{"block_hashes":["TI/2nXG0ovsvk9L7zh+lTVx62q9cSVfuHDuW6fKKf90="],"block_size":4096,"path":"_locales/ig/messages.json"},{"block_hashes":["hdzSGGxjHZgLTWh1T/ZJ0HuYsTSqHH4D6Yg7lsYDl7A="],"block_size":4096,"path":"_locales/is/messages.json"},{"block_hashes":["MaYgqQo7rZ//BX6HHIIa9Zh02r+fHR7VxijDDeO8I3g="],"block_size":4096,"path":"_locales/iw/messages.json"},{"block_hashes":["kvyu59ZiyTAQZNQayx94knHZMPibVFwGhCzUxviU7CA="],"block_size":4096,"path":"_locales/jw/messages.json"},{"block_hashes":["aBbZQqJe1tnA4ogiqbi4Fmaoaga3RUvvTnkizjQgZCY="],"block_size":4096,"path":"_locales/ka/messages.json"},{"block_hashes":["JVpt3VrF5LZl2DTFPHSzZWcyewc2+jrQhjDCmOXmkH8="],"block_size":4096,"path":"_locales/kk/messages.json"},{"block_hashes":["NPx7yrPvk9iu0pwdnUn5G4TLsGej2/mzGyx8ttxTW9c="],"block_size":4096,"path":"_locales/km/messages.json"},{"block_hashes":["CfCPeaGdP/lg0PggXW8lBBvLvZDTvu6oA9lpNsj9ncI="],"block_size":4096,"path":"_locales/ku/messages.json"},{"block_hashes":["w725+4aLQ7yYRZTJW2qiY//P6I9syKFYBfDE1kGUcFI="],"block_size":4096,"path":"_locales/ky/messages.json"},{"block_hashes":["rJ+m6zokCQttER5T+g1IGssRU8J3yzm6EB2vSduUfJY="],"block_size":4096,"path":"_locales/la/messages.json"},{"block_hashes":["7J2ZGOK6IePumbtgaDHORI6loKln/1c5MVZJnne+vkE="],"block_size":4096,"path":"_locales/lb/messages.json"},{"block_hashes":["Mj8NO6z3x4X/wrJvkzj1f3cMkyPvMif5c1uH4HCp7G0="],"block_size":4096,"path":"_locales/lo/messages.json"},{"block_hashes":["65wd20QCBU08+DoHMJUbEtxX6OHdJHkZ9VBeRcOYd00="],"block_size":4096,"path":"_locales/mg/messages.json"},{"block_hashes":["WHVQXx+7HGyGNYFrwdgY+Vm7x2ze7qln81HsUA+UYis="],"block_size":4096,"path":"_locales/mi/messages.json"},{"block_hashes":["DSjq1ThiDndc+t9hs48cfcq0kZGrRQrr64aIXXok/6Q="],"block_size":4096,"path":"_locales/mk/messages.json"},{"block_hashes":["07cOx41VE1yUKewwTr1HssU+9rlHX8Pc6eHptmw10yY="],"block_size":4096,"path":"_locales/mn/messages.json"},{"block_hashes":["h1R0V8lqLnLKgQ3qM9+ny4MBYn2hEAx8qcp52Z3rc44="],"block_size":4096,"path":"_locales/mt/messages.json"},{"block_hashes":["JOCRll0avLGPk0FxvqYllHBZI08ZC9ZYg1Myq8wvngI="],"block_size":4096,"path":"_locales/my/messages.json"},{"block_hashes":["wYWYgseTQO9z2nOcQsrEcB0GotAVNpbcaiKL0A9mDRA="],"block_size":4096,"path":"_locales/ne/messages.json"},{"block_hashes":["rWtv6C/Y6i0PtCD9Q4+d6iPmep7y1NsuGAug/jgKvrQ="],"block_size":4096,"path":"_locales/ny/messages.json"},{"block_hashes":["K1EdzXLsmhCZy5A48LFdajpSWL/NqI70UBxqlCyhhRo="],"block_size":4096,"path":"_locales/or/messages.json"},{"block_hashes":["DjxzUB6Ibf4AIKaFYjogIMtjxdLfTD3HEkGdNdJjAFg="],"block_size":4096,"path":"_locales/pa/messages.json"},{"block_hashes":["7xVxsllVoExd6EhHKvBJjgz8SDFqY58wLrLRj6fc7gc="],"block_size":4096,"path":"_locales/ps/messages.json"},{"block_hashes":["tIAnd8kndv7GE0aqKleo8KXCsyqYnLAodsJdMbUy1Bk="],"block_size":4096,"path":"_locales/rw/messages.json"},{"block_hashes":["udcM/7OPj6kqr5oaZSzg5n+9CC0eWP8LqXEMR1ZivMw="],"block_size":4096,"path":"_locales/si/messages.json"},{"block_hashes":["Oto1FjC9H8NxMjdyvfHtoRhckgA2hoo/azR2RVFDr8Q="],"block_size":4096,"path":"_locales/sm/messages.json"},{"block_hashes":["79gTIz1JwZhpaChNTWB3Hq3x4eSLIB8NRF9JH3sV1IE="],"block_size":4096,"path":"_locales/sn/messages.json"},{"block_hashes":["Wz8HtpxTocV493a7+Djujqz6S6dI4A0SkfQ6JeLaT+0="],"block_size":4096,"path":"_locales/so/messages.json"},{"block_hashes":["YKGukhqxl6Ori5Q1wNjMgp1ccLugOLLN/Vv6+AAh7P0="],"block_size":4096,"path":"_locales/sq/messages.json"},{"block_hashes":["pFp9kiBqfK8OTVdSWZzKNhcLZ6++GNydpaF8nEHXuQI="],"block_size":4096,"path":"_locales/st/messages.json"},{"block_hashes":["1PAu2VlVjq1DC50lTY31o9OF+EQZN/eYSHUv5OmaSTc="],"block_size":4096,"path":"_locales/su/messages.json"},{"block_hashes":["EHjq/i7NZb8mUjdykNgK+krQgeg1YlVr3DLgig1Rtwk="],"block_size":4096,"path":"_locales/tg/messages.json"},{"block_hashes":["DSKoFU9aJA9w/fnMiu1ISpChMixEWC9hXX1tES6HQmE="],"block_size":4096,"path":"_locales/tk/messages.json"},{"block_hashes":["AVBavpgx2SmmXHfiruT1AVRSA059pqkJZz7H12TTlZs="],"block_size":4096,"path":"_locales/tl/messages.json"},{"block_hashes":["87pTny48qiDYLSQmBWeBs2lp+sWHfEeW+6QabIscF80="],"block_size":4096,"path":"_locales/tt/messages.json"},{"block_hashes":["GaX9b+HnqKVwQNd6vQrGsSqcTUHa1DHSK7cVt5li5KY="],"block_size":4096,"path":"_locales/ug/messages.json"},{"block_hashes":["9ljmQxq2k/tBTfmluxtSaozpE1NYLTjU6BMhVIIaD2E="],"block_size":4096,"path":"_locales/xh/messages.json"},{"block_hashes":["gAO6f7lb/Bv6xJUn3aZKNLQxiqvV23IFVpdrTDqLzJc="],"block_size":4096,"path":"_locales/yi/messages.json"},{"block_hashes":["2+/HkGzTMXQmLlDdSLX+OowZxgwGFwV0qcmJ/gA3CKA="],"block_size":4096,"path":"_locales/zu/messages.json"},{"block_hashes":["99pb5eNRg4gqFZNTOGwozJr6TMYSymAMRbVIYV6ol1o=","n+p67aEUaJTq679F/31jk5SaYUdcec1BX3pCP/e7ewc=","4pxr67ADI5O7HJQDJGxye7WJ6wAh9q1bp8bXjyxWoOA=","5ZdQruVIyp0eoU3uV2Un47rtOjdKgUFRBUrbxSZTo/4=","yC7hXtMVdtJK/keibght1Q+Jlexb4TuDi3V1PSoiT9g="],"block_size":4096,"path":"assets/icon/Dev-Eva-Wall-E-128.png"},{"block_hashes":["0tJrRL5PjmVgQ7s2mDVXStCbl9QzWBQSr3iJdeYQlvo=","cysWwtMJMRW6YruRG5CkLQSSEkhIpFeaQ6Is5bRpkzs=","Rw0FkP5Tpbfl8ERLTa2o12d7/UViPMKn2rgr6KtzbHE=","+0DQPlLbEhcyMeUjPXfmsuuRhlzxlmk/dRW6QTO7iMM=","CuCgg6WHP/xdT0s9vdgI+aE+5gwyLYZUvXT0oiGaU1c=","FQBGdKfiJDThuMuXYt10St/LP7T7Y5M9suDPWrmzt5M=","CoLFJ1fUNvM9g7oJToVrbslTmYnUR0XC+D6nuxrcv4k=","y02GPpmvpdfv/vtCH43mdqxA3ku+SjIdVCmwLLC7oAo=","X3NMH+uGRTOQvAxFW4uvuNK7KYDAZtNtvOujiFIFs0s=","F3pgx5TObQ+8eoh9LGUjpO29G0fXSuLivMFvhnkiyxY=","EKuea0CKrMNm5WXRogfjmN/1WfyHAf//O0oXcwk8Qb4=","UJjgOS756r/Bm1uFiavB+AlWQ37K3EGnfF3LWZVP/DI=","ZP5M3qGa303iFFnBmYjnP23rZ4vEq2/D05yIn+SFAsc=","tn67VWLw4gFmrSred9EwNczwg1BXjKXNnwJiCJyDXY4=","4w1BpyFTEI9HeqeuRvd8YMMZMJmmUwEz5wbSd7Hivh0=","9fAAwwfOeG7iLQcB90c6uOpoziStWpmidEbIS//2KnM=","29J3ULLvLW+PPkE09nrKh7H0Ti5CGpFlmUkqyi4ZIc4=","zJcrgo/DoDTnuwAInmsJPiEu22DnV4gCatp0ButveDY=","y1u25LnmMqZHfNblhfLfFMOU3Dn+s/MElZnSV9bWSA4=","2gXm48W4sdzbgg05pwQdoPrHYyucyXxe6ukH9aGr9UY=","8fEvfQH8g5bD6bXv0sD0dqwINma3GPpUPtrlqj1HLNQ=","cwrbW0zO34BZbsWt26xcDhSb60jZudInPSTUNtPdi7I=","PpwF9+1mhPcf+Hqml2T99BCSRf2rjQ7XSqV7Nue92Dg=","2sA06f8dKHe/y+iT/N9JrgguX+SIP33zNnetgaD9t0M=","18zS96FqBxC5gF+gbJ9pyrLFYlrmv9XHOcVvZtVVaYg=","jHGiL3sQ3wQYMZL44Xst23rqEkH5MFBd3AMl8puqhAs=","rXV+dyKbho/gvgEm2itWwgkh0I8Xthhb+KGWRJJUDBA=","/+LEDt/jnjfByBhExCt1R8X/e4KkpzkvPYCJfpnMiNg=","M7Czz5+lDXlkSHn0YysFI5/IzDcCDuGble7qFg8jQLE=","7rDmr66/xx3nHau+JF/oljk+ZbwxVQWLFn+QF2gh5uw=","vWks4fe7+Opxz7OoVOxxg7ynOZjHfx2ToI3GSNqB3JY=","sZjR1gWcYk/arDnZ798d0bRCdsuOcg+v/yXsdL4T2kQ=","GM/wfGxw4iH8jFL1faQigGn+gZCclOYpd0FCtljdnMw="],"block_size":4096,"path":"assets/icon/Dev-Eva-Wall-E-512.png"},{"block_hashes":["N3Lu5latbfCg9h699/sLL74sJqB/KJyCl3NDA/BckVc=","R06BkvQCkEa4eVzGj1I+6ttPGB3dhayVr3dh2A9MiBw=","f93RPt/5XfiM3QnXdIhDNNuaGD+0YPH6OZ6IMJK/p6k=","/+DcSMM0MXeM1WjDgKzJMw4JSgJTxmJrDpt3+lK/I6E="],"block_size":4096,"path":"assets/icon/Eva-Wall-E-128.png"},{"block_hashes":["RGxtIL/Bkq9Hle1MBo5DFE14HumdItQJznAIER8iSbc=","pXjR/eLnM8Cyf1dNB1RjR2hVN6BZHcUlXjWfMgOysPY=","ua5ePH2EgHtcZgyHNs8phKIjOorgOyqq/xL2rd0RAU0=","hdvAWYw3YHcwtHrRfcLeZu9zoaRLpB4+pNa7jbV+iZ8=","a/Awat03BNP+qL86A3eKk78LqPF8i27+gdhp6y4xuEc=","qRlhOOr8EE1EfsBZd+EssW70Pl2/irnAe1dTkxf0ZGQ=","/g7NGoOi59aIivfupFrBfWQlGVLaWQo4G4IFYxQuA0U=","DXwrIFoTObZM048EZt5GeuRLR0j+xTwwykIWlgURZGc=","6VwyrES5g3Qwg1JNpuTuOvR6jZYr3XkuJwB9u0R7iEE=","XYNuo93locpH1KwGOLpLyVVMBu1GAZg2IShEjkvrNug=","v8wWQKLz/UhVAUqEmUKF7tm5YKph1ZKmHkYlZQWCPvI=","eT4vzVcwHT+cW3gtJaYVZ8DmU6yoX79oRZFcUV1fTBE=","pqJ/ZuWQ60NhgSTn4+2SRAwrLcN0NJzPajOQfddPly0=","E/EpHphgPLUBAfOyOnpJKEb8sHojIWdhWhdH88Jqr88=","5th9HYJcuSDjIoVEepcvPqGrJLzYLtw/s3Q6V7c9r84=","WHdXxETdQEL6tDxf+hrkpaecbhH2a6N/mtnDx6PAPUQ=","R03ifzGeDcVdVD+SIwsI/+XGsZMFpEfh5FPUPT1/n/I=","/QqMpy0//SgLqQjFOFkCcQcYK+DoAH4Mw0CjdccuJ08=","vNaSMZD2OeQNEzj8c9/EVE1dP0JPRAbj/uuV9aJEID4=","1lBCYKzUZ2UuQi0BmcbP1GVTfDwK+k7lD/nd2/94ha8=","Y++YuzY+gVjUiSlCzCe96aunWJogEDqpZG1LR++Y31E=","BfbRoMXJGfCtfKQXiUomQNcKTQi59BCixv/hgpHDxHs=","uEtH58z9oxmYHWc+9RzA7BzVe7Az6KVj0TJnefAnyf4=","ZeKhPmmuRFPLmM2ukDB/YXILg9Tc888A4CmLvCv6Wso=","/f6VfWu6q4qJSP+d6UnUE7Y91xYM8ycPoI239fkxXA8=","25fTCVzt78T8cANkY702h+uciRiJKHzxccq84TTrxh0=","kD5zJ1dRNjoAmi1gccP6NAAyaZwQgzt0nKGFHBoTEmA=","lDNXNI8pj4fyXGtnJcm6GRtRG3Q1lfwR4R96MG448Y4=","eYYMhuvcgOIWppwEXQFkRezQMd235DzzLw5yIHBU+CY=","/VSjalE+huN+IgewA7AmXajx69s93x2QK4xk2y1dmtU=","SMR8tb4xibrIGKbvAeoxFxbTsO9kuxyOWZYirp+QPNA="],"block_size":4096,"path":"assets/icon/Eva-Wall-E-512.png"},{"block_hashes":["YP86yAiIZ9e2wkXRttSaxvS+oFDujUrsnb4bW08kk2Y="],"block_size":4096,"path":"assets/media/telegramLogo.svg"},{"block_hashes":["whkrxfhiiz/py0z1KVAsvAGbPK5h3As+UCZyIppsRB0=","yjHlRgJuyPrU8aKBtAreYPH05POCixXGj2cjwMLr8BY="],"block_size":4096,"path":"assets/media/vk.png"},{"block_hashes":["0FepHO71daXFqp7yqhViql2ol00QZz/fM7sljD+NCLg=","yw98r48kKPKoD81LMMB2oNYrL3Q15qbL+gwVOYi0pNI=","RXzQy8XV9x+N4orGB09Cv70Y++auWaTtwxhWrBO8fPs=","yPklEHVRl1bbSEDnbWjiSZv4DscGcWW54+RAeS1Ojao=","WbAxS8f2OJg65Rh1x7ejkpt5/vQEzvIcc/gZUbMeryo="],"block_size":4096,"path":"assets/media/yandex-translate.png"},{"block_hashes":["FXQrZdF7IRZdLhFtuRe2nYjYEWDETvZDiPWqsMCPvxY=","dQu1i1l4zOhKp/finmJWkF8JMJ9GuIN7pEay0XZMZYg=","jonXwnftdrkwHLC3jnHnFgjBFBUpLdpfNebeRE4kH3Q=","1/Wm8YXH57XGmjtZU1eGJZ2+uBRlyB/WXwY5B/2JRP4="],"block_size":4096,"path":"assets/media/yandex-translate_wb.png"},{"block_hashes":["lCj4396aVHEBCzmYPEu4w1CH4fKRbghPE2batPNGmLI="],"block_size":4096,"path":"content.bundle.js"},{"block_hashes":["bZBXvODV+Uw3BiV4zpK3y9w8YRrgmMmuUb8/HxXJndw="],"block_size":4096,"path":"ga.bundle.js"},{"block_hashes":["6zsu2pmOamhYyFXctqotKgHO6sV8TKPKJqzkC9oszEo=","TdlM7M103T1Xj/SnYru9SOBfmCZhgg5slg/Pmy2V8Jc=","udXv+qx083VmDp6GTMowtaie2FHd2RNN0LEFwaeSkaE=","wHxgMmj6wM6nP8ThkKGfxAg2I4ZlmXzTd2sNixiyj90=","PAXTvL5VFR/Y8srdMBb+b8wp5KMqGEoj3cdRK13F2VE=","07MChEK4hIqS7/8nIXo6KAJs5KED/gb+OXzqCpT0AwI=","4KQcHJgwOgrZbURK0kqIf1OA7i+vuda6ONpA7DuacoA="],"block_size":4096,"path":"popup.bundle.js"},{"block_hashes":["f+uOyaf852QWEfAnZ/cwSCuBvfbSHU1lkQTGY1S0rjA=","59+73GvquEPzOerV55kR8aPggYZhgkFd7H1uO5eoQ04="],"block_size":4096,"path":"popup.html"},{"block_hashes":["Ca4VOOoE3g+rZpF87u5CUMHmClTvU3cfU+bfZ8QimcA="],"block_size":4096,"path":"sw.bundle.js"},{"block_hashes":["Ag/w5dDRN/2bFFrgdjMXw9jDWRUMynnETa9YiErbOeA=","xw3bF1HVrVj/9Qsosxp1BjkXWIeBBb6ZoqBaqSC/thM=","O6wzBZ/y3A1N/PF1pL0CY3hxHXMqvnZKnmJTZFeB9iU=","1QXpjsMD5ds8kwA6VSEukxQGaaCA9cnrJR696rOXeHw=","ss+4E7h2Xzqn8yP34kOUp/KGcauvKaIU+DekXkJG/Mk=","csZufA83MOm4ihu5IM13v8zyJZJoZ0xWW59eRx4wV70=","GAbZCZ2sws8BhmgBMuYywlBI0SOrs7n3DQMKthQxbb0=","hD1IVytDKgUk0r1ONICsDUFxRRPNr7kpym5NDB8LXLY=","huUF77qPqDjSo6GygCAaN3r9ME2JLLfll04cKA72Lb8=","8XdVG9daOTZQkroMAn77zxRNpYEzAZhz28DmWpTEO9I=","A+usRMrARJD6MH5GE6gtd+i52EEhQ4hL37ub6KV2MCU=","BRLz/8G6oDkWqRqGykooSeDHgtCn63IaSCPWIujy0Ww=","Dm4ikCNztrSQjCVAOLFlkz129F7nvIyudqZlRON1oSk=","n4oHdesKzEN02fARUGyda6Uuwubn1mTFPHkTu2muXRI=","Sz6K76GfvoQsPqXrwdqZqnoyYhek42DDBAcsX2hXy9E=","YbfKdW+t85N2beL30r4gbHgHgE8nrBKGu4lL0LV69Js=","iScLW7YzHc1yZWo4xK3mt8yfIojVSIYNF5NtxeO/LtU=","n8xH8al4I9pqkvXmqCoS4+7e3iPN/pTKLhqMwIEq52s=","ZShiJm8MZruNnU+lIG6NUUVtpWt53CGN1v4giWNb6dM=","SJYRPMtrr3kIaANBAgWqUXhvWM3D/o3pqxqA10Ma1+g=","wgDyj2BoDs0mQ5rCLu7g32bZcrPoiKYNoFQFmyBkgbM=","3r6P7FyuVNly68M2HmK6YIgyCIOVYBJD7WFPW/IXZpA=","oB2TaZ8RS3FJQ5/5ktYuA7/uzHVOsPHIVtGOjbkDZjA=","F9gj4ZVZ/eKUx6/wynx21KwV6ZzhkyqFn2rgLhh0FyA=","kAYq8f7cPGOB0gsRxeb1s6CNL3wEP473l5uS99Udtao=","7LT8YlOnzkhh7gQLcmEYVcKHhybNRNRf8tDkwsEcem8=","kpN50mhf4zX8SlBBDLoUyawJBGiDUaUdvz5savDEZmo=","9cJrjs8Uz6n6Vr7HYLkUn5Yzfkoa3th3pu3yoE1PRAs=","1t04rkja8IcZS9Kd8tUsjUUSre+4W1VZhMo33XrXNEQ=","plR6wV4q8apaaLFLBbRS3LwY9+uy3A3lUyRKOsehUFM=","wgFZooX9v7nPXT7hhWERrZf0cudfJOuZNbSErzGC3Gg=","T0JB/oePZjYogF3rWeP29EknhZU6AFc7WBxIinTQn/g=","qz2UtNJvweyk8/v6HElvLACKBikwauFa8kPXeQlEdII=","a/bxK/o277TBd3UhOrMnzyMBn5EffPEkZQAFAz4lsAQ=","J+6+9dme/BxZhCWZNWQjRBL/nsqbjHa+H0+sC9IITkY=","8UIrcBcF2kb18Zlrvw39Rcs5gLbIRu3CTJwvK55MsLM=","at0tjPCl31PgdaSCsb3j39hrTOQs4KmKsaV+if49xtM=","FZrFFWWMUhcEkbQrbDd64C9sZZ4KKOltlpKVOkG19kA=","ERNN6He68GGPLz3Amy2mmz4MSgPcxguM6gsz6LQgp1A=","3jKWxshON8WCENXYRXBJmBJoFmfJVgBW8ZxK9I9iIVs=","hhhxbiPgKVpjAK5nkEKtIUaMXFBf+0kbIa6GDguMrFA=","QjXZdkeIz1V26vLbdHFX9L7m6V6eigGC/jUYaIZUIuE=","TmVu5pExq4pLLhCMYu7ERyVL0dKYaCzlZMZ67mQKrfU=","tzBWFr2PZ7DinL+GgLSLIY5yuV95c+/m1Mbp610HH9M=","FPvVI2AlKqpsft9FPjoQAxJg1LR2mBDj9f29I7klOzs=","ijTmyQKhPEos3Nr5boxJaztFM3JAreCIuI7upGc5Zrs=","rhVa4SczjstosG9Su4sX7zHa9FTUK3MFPG7sTmuMKM8=","R/II9AfA9tiGFAZ136pBjczpHtwjJNMRXOxtHlO29QY=","aho5MdAH+8mJGBo9MuKQ1kdyBqFe0dGyLqEh+8iBDgQ=","dNY1FDYi2H+YO3djhCiVjvh4JlvWEQU3H2OyMbEoHHk=","PyA0yQI+ADKv7vOhocIb02Esun3rxRaK8/aIGuq59ak="],"block_size":4096,"path":"webpage.bundle.js"}],"version":2}